--
-- PostgreSQL database dump
--

-- Dumped from database version 13.18 (Debian 13.18-0+deb11u1)
-- Dumped by pg_dump version 13.18 (Debian 13.18-0+deb11u1)

SET statement_timeout = 0;
SET lock_timeout = 0;
SET idle_in_transaction_session_timeout = 0;
SET client_encoding = 'UTF8';
SET standard_conforming_strings = on;
SELECT pg_catalog.set_config('search_path', '', false);
SET check_function_bodies = false;
SET xmloption = content;
SET client_min_messages = warning;
SET row_security = off;

SET default_tablespace = '';

SET default_table_access_method = heap;

--
-- Name: account_emailaddress; Type: TABLE; Schema: public; Owner: admin
--

CREATE TABLE public.account_emailaddress (
    id integer NOT NULL,
    email character varying(254) NOT NULL,
    verified boolean NOT NULL,
    "primary" boolean NOT NULL,
    user_id bigint NOT NULL
);


ALTER TABLE public.account_emailaddress OWNER TO admin;

--
-- Name: account_emailaddress_id_seq; Type: SEQUENCE; Schema: public; Owner: admin
--

ALTER TABLE public.account_emailaddress ALTER COLUMN id ADD GENERATED BY DEFAULT AS IDENTITY (
    SEQUENCE NAME public.account_emailaddress_id_seq
    START WITH 1
    INCREMENT BY 1
    NO MINVALUE
    NO MAXVALUE
    CACHE 1
);


--
-- Name: account_emailconfirmation; Type: TABLE; Schema: public; Owner: admin
--

CREATE TABLE public.account_emailconfirmation (
    id integer NOT NULL,
    created timestamp with time zone NOT NULL,
    sent timestamp with time zone,
    key character varying(64) NOT NULL,
    email_address_id integer NOT NULL
);


ALTER TABLE public.account_emailconfirmation OWNER TO admin;

--
-- Name: account_emailconfirmation_id_seq; Type: SEQUENCE; Schema: public; Owner: admin
--

ALTER TABLE public.account_emailconfirmation ALTER COLUMN id ADD GENERATED BY DEFAULT AS IDENTITY (
    SEQUENCE NAME public.account_emailconfirmation_id_seq
    START WITH 1
    INCREMENT BY 1
    NO MINVALUE
    NO MAXVALUE
    CACHE 1
);


--
-- Name: auth_group; Type: TABLE; Schema: public; Owner: admin
--

CREATE TABLE public.auth_group (
    id integer NOT NULL,
    name character varying(150) NOT NULL
);


ALTER TABLE public.auth_group OWNER TO admin;

--
-- Name: auth_group_id_seq; Type: SEQUENCE; Schema: public; Owner: admin
--

ALTER TABLE public.auth_group ALTER COLUMN id ADD GENERATED BY DEFAULT AS IDENTITY (
    SEQUENCE NAME public.auth_group_id_seq
    START WITH 1
    INCREMENT BY 1
    NO MINVALUE
    NO MAXVALUE
    CACHE 1
);


--
-- Name: auth_group_permissions; Type: TABLE; Schema: public; Owner: admin
--

CREATE TABLE public.auth_group_permissions (
    id bigint NOT NULL,
    group_id integer NOT NULL,
    permission_id integer NOT NULL
);


ALTER TABLE public.auth_group_permissions OWNER TO admin;

--
-- Name: auth_group_permissions_id_seq; Type: SEQUENCE; Schema: public; Owner: admin
--

ALTER TABLE public.auth_group_permissions ALTER COLUMN id ADD GENERATED BY DEFAULT AS IDENTITY (
    SEQUENCE NAME public.auth_group_permissions_id_seq
    START WITH 1
    INCREMENT BY 1
    NO MINVALUE
    NO MAXVALUE
    CACHE 1
);


--
-- Name: auth_permission; Type: TABLE; Schema: public; Owner: admin
--

CREATE TABLE public.auth_permission (
    id integer NOT NULL,
    name character varying(255) NOT NULL,
    content_type_id integer NOT NULL,
    codename character varying(100) NOT NULL
);


ALTER TABLE public.auth_permission OWNER TO admin;

--
-- Name: auth_permission_id_seq; Type: SEQUENCE; Schema: public; Owner: admin
--

ALTER TABLE public.auth_permission ALTER COLUMN id ADD GENERATED BY DEFAULT AS IDENTITY (
    SEQUENCE NAME public.auth_permission_id_seq
    START WITH 1
    INCREMENT BY 1
    NO MINVALUE
    NO MAXVALUE
    CACHE 1
);


--
-- Name: django_admin_log; Type: TABLE; Schema: public; Owner: admin
--

CREATE TABLE public.django_admin_log (
    id integer NOT NULL,
    action_time timestamp with time zone NOT NULL,
    object_id text,
    object_repr character varying(200) NOT NULL,
    action_flag smallint NOT NULL,
    change_message text NOT NULL,
    content_type_id integer,
    user_id bigint NOT NULL,
    CONSTRAINT django_admin_log_action_flag_check CHECK ((action_flag >= 0))
);


ALTER TABLE public.django_admin_log OWNER TO admin;

--
-- Name: django_admin_log_id_seq; Type: SEQUENCE; Schema: public; Owner: admin
--

ALTER TABLE public.django_admin_log ALTER COLUMN id ADD GENERATED BY DEFAULT AS IDENTITY (
    SEQUENCE NAME public.django_admin_log_id_seq
    START WITH 1
    INCREMENT BY 1
    NO MINVALUE
    NO MAXVALUE
    CACHE 1
);


--
-- Name: django_content_type; Type: TABLE; Schema: public; Owner: admin
--

CREATE TABLE public.django_content_type (
    id integer NOT NULL,
    app_label character varying(100) NOT NULL,
    model character varying(100) NOT NULL
);


ALTER TABLE public.django_content_type OWNER TO admin;

--
-- Name: django_content_type_id_seq; Type: SEQUENCE; Schema: public; Owner: admin
--

ALTER TABLE public.django_content_type ALTER COLUMN id ADD GENERATED BY DEFAULT AS IDENTITY (
    SEQUENCE NAME public.django_content_type_id_seq
    START WITH 1
    INCREMENT BY 1
    NO MINVALUE
    NO MAXVALUE
    CACHE 1
);


--
-- Name: django_migrations; Type: TABLE; Schema: public; Owner: admin
--

CREATE TABLE public.django_migrations (
    id bigint NOT NULL,
    app character varying(255) NOT NULL,
    name character varying(255) NOT NULL,
    applied timestamp with time zone NOT NULL
);


ALTER TABLE public.django_migrations OWNER TO admin;

--
-- Name: django_migrations_id_seq; Type: SEQUENCE; Schema: public; Owner: admin
--

ALTER TABLE public.django_migrations ALTER COLUMN id ADD GENERATED BY DEFAULT AS IDENTITY (
    SEQUENCE NAME public.django_migrations_id_seq
    START WITH 1
    INCREMENT BY 1
    NO MINVALUE
    NO MAXVALUE
    CACHE 1
);


--
-- Name: django_session; Type: TABLE; Schema: public; Owner: admin
--

CREATE TABLE public.django_session (
    session_key character varying(40) NOT NULL,
    session_data text NOT NULL,
    expire_date timestamp with time zone NOT NULL
);


ALTER TABLE public.django_session OWNER TO admin;

--
-- Name: django_site; Type: TABLE; Schema: public; Owner: admin
--

CREATE TABLE public.django_site (
    id integer NOT NULL,
    domain character varying(100) NOT NULL,
    name character varying(50) NOT NULL
);


ALTER TABLE public.django_site OWNER TO admin;

--
-- Name: django_site_id_seq; Type: SEQUENCE; Schema: public; Owner: admin
--

ALTER TABLE public.django_site ALTER COLUMN id ADD GENERATED BY DEFAULT AS IDENTITY (
    SEQUENCE NAME public.django_site_id_seq
    START WITH 1
    INCREMENT BY 1
    NO MINVALUE
    NO MAXVALUE
    CACHE 1
);


--
-- Name: socialaccount_socialaccount; Type: TABLE; Schema: public; Owner: admin
--

CREATE TABLE public.socialaccount_socialaccount (
    id integer NOT NULL,
    provider character varying(200) NOT NULL,
    uid character varying(191) NOT NULL,
    last_login timestamp with time zone NOT NULL,
    date_joined timestamp with time zone NOT NULL,
    extra_data jsonb NOT NULL,
    user_id bigint NOT NULL
);


ALTER TABLE public.socialaccount_socialaccount OWNER TO admin;

--
-- Name: socialaccount_socialaccount_id_seq; Type: SEQUENCE; Schema: public; Owner: admin
--

ALTER TABLE public.socialaccount_socialaccount ALTER COLUMN id ADD GENERATED BY DEFAULT AS IDENTITY (
    SEQUENCE NAME public.socialaccount_socialaccount_id_seq
    START WITH 1
    INCREMENT BY 1
    NO MINVALUE
    NO MAXVALUE
    CACHE 1
);


--
-- Name: socialaccount_socialapp; Type: TABLE; Schema: public; Owner: admin
--

CREATE TABLE public.socialaccount_socialapp (
    id integer NOT NULL,
    provider character varying(30) NOT NULL,
    name character varying(40) NOT NULL,
    client_id character varying(191) NOT NULL,
    secret character varying(191) NOT NULL,
    key character varying(191) NOT NULL,
    provider_id character varying(200) NOT NULL,
    settings jsonb NOT NULL
);


ALTER TABLE public.socialaccount_socialapp OWNER TO admin;

--
-- Name: socialaccount_socialapp_id_seq; Type: SEQUENCE; Schema: public; Owner: admin
--

ALTER TABLE public.socialaccount_socialapp ALTER COLUMN id ADD GENERATED BY DEFAULT AS IDENTITY (
    SEQUENCE NAME public.socialaccount_socialapp_id_seq
    START WITH 1
    INCREMENT BY 1
    NO MINVALUE
    NO MAXVALUE
    CACHE 1
);


--
-- Name: socialaccount_socialapp_sites; Type: TABLE; Schema: public; Owner: admin
--

CREATE TABLE public.socialaccount_socialapp_sites (
    id bigint NOT NULL,
    socialapp_id integer NOT NULL,
    site_id integer NOT NULL
);


ALTER TABLE public.socialaccount_socialapp_sites OWNER TO admin;

--
-- Name: socialaccount_socialapp_sites_id_seq; Type: SEQUENCE; Schema: public; Owner: admin
--

ALTER TABLE public.socialaccount_socialapp_sites ALTER COLUMN id ADD GENERATED BY DEFAULT AS IDENTITY (
    SEQUENCE NAME public.socialaccount_socialapp_sites_id_seq
    START WITH 1
    INCREMENT BY 1
    NO MINVALUE
    NO MAXVALUE
    CACHE 1
);


--
-- Name: socialaccount_socialtoken; Type: TABLE; Schema: public; Owner: admin
--

CREATE TABLE public.socialaccount_socialtoken (
    id integer NOT NULL,
    token text NOT NULL,
    token_secret text NOT NULL,
    expires_at timestamp with time zone,
    account_id integer NOT NULL,
    app_id integer
);


ALTER TABLE public.socialaccount_socialtoken OWNER TO admin;

--
-- Name: socialaccount_socialtoken_id_seq; Type: SEQUENCE; Schema: public; Owner: admin
--

ALTER TABLE public.socialaccount_socialtoken ALTER COLUMN id ADD GENERATED BY DEFAULT AS IDENTITY (
    SEQUENCE NAME public.socialaccount_socialtoken_id_seq
    START WITH 1
    INCREMENT BY 1
    NO MINVALUE
    NO MAXVALUE
    CACHE 1
);


--
-- Name: transcendence_customuser; Type: TABLE; Schema: public; Owner: admin
--

CREATE TABLE public.transcendence_customuser (
    id bigint NOT NULL,
    password character varying(128) NOT NULL,
    last_login timestamp with time zone,
    is_superuser boolean NOT NULL,
    username character varying(150) NOT NULL,
    first_name character varying(150) NOT NULL,
    last_name character varying(150) NOT NULL,
    email character varying(254) NOT NULL,
    is_staff boolean NOT NULL,
    is_active boolean NOT NULL,
    date_joined timestamp with time zone NOT NULL,
    avatar_url character varying(200)
);


ALTER TABLE public.transcendence_customuser OWNER TO admin;

--
-- Name: transcendence_customuser_groups; Type: TABLE; Schema: public; Owner: admin
--

CREATE TABLE public.transcendence_customuser_groups (
    id bigint NOT NULL,
    customuser_id bigint NOT NULL,
    group_id integer NOT NULL
);


ALTER TABLE public.transcendence_customuser_groups OWNER TO admin;

--
-- Name: transcendence_customuser_groups_id_seq; Type: SEQUENCE; Schema: public; Owner: admin
--

ALTER TABLE public.transcendence_customuser_groups ALTER COLUMN id ADD GENERATED BY DEFAULT AS IDENTITY (
    SEQUENCE NAME public.transcendence_customuser_groups_id_seq
    START WITH 1
    INCREMENT BY 1
    NO MINVALUE
    NO MAXVALUE
    CACHE 1
);


--
-- Name: transcendence_customuser_id_seq; Type: SEQUENCE; Schema: public; Owner: admin
--

ALTER TABLE public.transcendence_customuser ALTER COLUMN id ADD GENERATED BY DEFAULT AS IDENTITY (
    SEQUENCE NAME public.transcendence_customuser_id_seq
    START WITH 1
    INCREMENT BY 1
    NO MINVALUE
    NO MAXVALUE
    CACHE 1
);


--
-- Name: transcendence_customuser_user_permissions; Type: TABLE; Schema: public; Owner: admin
--

CREATE TABLE public.transcendence_customuser_user_permissions (
    id bigint NOT NULL,
    customuser_id bigint NOT NULL,
    permission_id integer NOT NULL
);


ALTER TABLE public.transcendence_customuser_user_permissions OWNER TO admin;

--
-- Name: transcendence_customuser_user_permissions_id_seq; Type: SEQUENCE; Schema: public; Owner: admin
--

ALTER TABLE public.transcendence_customuser_user_permissions ALTER COLUMN id ADD GENERATED BY DEFAULT AS IDENTITY (
    SEQUENCE NAME public.transcendence_customuser_user_permissions_id_seq
    START WITH 1
    INCREMENT BY 1
    NO MINVALUE
    NO MAXVALUE
    CACHE 1
);


--
-- Name: transcendence_gametype; Type: TABLE; Schema: public; Owner: admin
--

CREATE TABLE public.transcendence_gametype (
    id bigint NOT NULL,
    name character varying(50) NOT NULL
);


ALTER TABLE public.transcendence_gametype OWNER TO admin;

--
-- Name: transcendence_gametype_id_seq; Type: SEQUENCE; Schema: public; Owner: admin
--

ALTER TABLE public.transcendence_gametype ALTER COLUMN id ADD GENERATED BY DEFAULT AS IDENTITY (
    SEQUENCE NAME public.transcendence_gametype_id_seq
    START WITH 1
    INCREMENT BY 1
    NO MINVALUE
    NO MAXVALUE
    CACHE 1
);


--
-- Name: transcendence_relationship; Type: TABLE; Schema: public; Owner: admin
--

CREATE TABLE public.transcendence_relationship (
    id bigint NOT NULL,
    status character varying(10) NOT NULL,
    created_at timestamp with time zone NOT NULL,
    updated_at timestamp with time zone NOT NULL,
    from_user_id bigint NOT NULL,
    to_user_id bigint NOT NULL
);


ALTER TABLE public.transcendence_relationship OWNER TO admin;

--
-- Name: transcendence_relationship_id_seq; Type: SEQUENCE; Schema: public; Owner: admin
--

ALTER TABLE public.transcendence_relationship ALTER COLUMN id ADD GENERATED BY DEFAULT AS IDENTITY (
    SEQUENCE NAME public.transcendence_relationship_id_seq
    START WITH 1
    INCREMENT BY 1
    NO MINVALUE
    NO MAXVALUE
    CACHE 1
);


--
-- Data for Name: account_emailaddress; Type: TABLE DATA; Schema: public; Owner: admin
--

COPY public.account_emailaddress (id, email, verified, "primary", user_id) FROM stdin;
1	jabecass@student.42lisboa.com	f	t	2
\.


--
-- Data for Name: account_emailconfirmation; Type: TABLE DATA; Schema: public; Owner: admin
--

COPY public.account_emailconfirmation (id, created, sent, key, email_address_id) FROM stdin;
\.


--
-- Data for Name: auth_group; Type: TABLE DATA; Schema: public; Owner: admin
--

COPY public.auth_group (id, name) FROM stdin;
\.


--
-- Data for Name: auth_group_permissions; Type: TABLE DATA; Schema: public; Owner: admin
--

COPY public.auth_group_permissions (id, group_id, permission_id) FROM stdin;
\.


--
-- Data for Name: auth_permission; Type: TABLE DATA; Schema: public; Owner: admin
--

COPY public.auth_permission (id, name, content_type_id, codename) FROM stdin;
1	Can add log entry	1	add_logentry
2	Can change log entry	1	change_logentry
3	Can delete log entry	1	delete_logentry
4	Can view log entry	1	view_logentry
5	Can add permission	2	add_permission
6	Can change permission	2	change_permission
7	Can delete permission	2	delete_permission
8	Can view permission	2	view_permission
9	Can add group	3	add_group
10	Can change group	3	change_group
11	Can delete group	3	delete_group
12	Can view group	3	view_group
13	Can add content type	4	add_contenttype
14	Can change content type	4	change_contenttype
15	Can delete content type	4	delete_contenttype
16	Can view content type	4	view_contenttype
17	Can add session	5	add_session
18	Can change session	5	change_session
19	Can delete session	5	delete_session
20	Can view session	5	view_session
21	Can add site	6	add_site
22	Can change site	6	change_site
23	Can delete site	6	delete_site
24	Can view site	6	view_site
25	Can add email address	7	add_emailaddress
26	Can change email address	7	change_emailaddress
27	Can delete email address	7	delete_emailaddress
28	Can view email address	7	view_emailaddress
29	Can add email confirmation	8	add_emailconfirmation
30	Can change email confirmation	8	change_emailconfirmation
31	Can delete email confirmation	8	delete_emailconfirmation
32	Can view email confirmation	8	view_emailconfirmation
33	Can add social account	9	add_socialaccount
34	Can change social account	9	change_socialaccount
35	Can delete social account	9	delete_socialaccount
36	Can view social account	9	view_socialaccount
37	Can add social application	10	add_socialapp
38	Can change social application	10	change_socialapp
39	Can delete social application	10	delete_socialapp
40	Can view social application	10	view_socialapp
41	Can add social application token	11	add_socialtoken
42	Can change social application token	11	change_socialtoken
43	Can delete social application token	11	delete_socialtoken
44	Can view social application token	11	view_socialtoken
45	Can add user	12	add_customuser
46	Can change user	12	change_customuser
47	Can delete user	12	delete_customuser
48	Can view user	12	view_customuser
49	Can add relationship	13	add_relationship
50	Can change relationship	13	change_relationship
51	Can delete relationship	13	delete_relationship
52	Can view relationship	13	view_relationship
67	Can add game type	34	add_gametype
68	Can change game type	34	change_gametype
69	Can delete game type	34	delete_gametype
70	Can view game type	34	view_gametype
\.


--
-- Data for Name: django_admin_log; Type: TABLE DATA; Schema: public; Owner: admin
--

COPY public.django_admin_log (id, action_time, object_id, object_repr, action_flag, change_message, content_type_id, user_id) FROM stdin;
1	2025-02-10 23:42:44.145515+00	4	localhost:8000	1	[{"added": {}}]	6	1
2	2025-02-10 23:42:46.030911+00	1	42 OAuth	1	[{"added": {}}]	10	1
\.


--
-- Data for Name: django_content_type; Type: TABLE DATA; Schema: public; Owner: admin
--

COPY public.django_content_type (id, app_label, model) FROM stdin;
1	admin	logentry
2	auth	permission
3	auth	group
4	contenttypes	contenttype
5	sessions	session
6	sites	site
7	account	emailaddress
8	account	emailconfirmation
9	socialaccount	socialaccount
10	socialaccount	socialapp
11	socialaccount	socialtoken
12	transcendence	customuser
13	transcendence	relationship
34	transcendence	gametype
\.


--
-- Data for Name: django_migrations; Type: TABLE DATA; Schema: public; Owner: admin
--

COPY public.django_migrations (id, app, name, applied) FROM stdin;
1	contenttypes	0001_initial	2025-02-10 23:16:35.149408+00
2	contenttypes	0002_remove_content_type_name	2025-02-10 23:16:35.155535+00
3	auth	0001_initial	2025-02-10 23:16:35.198294+00
4	auth	0002_alter_permission_name_max_length	2025-02-10 23:16:35.206217+00
5	auth	0003_alter_user_email_max_length	2025-02-10 23:16:35.210721+00
6	auth	0004_alter_user_username_opts	2025-02-10 23:16:35.214874+00
7	auth	0005_alter_user_last_login_null	2025-02-10 23:16:35.224738+00
8	auth	0006_require_contenttypes_0002	2025-02-10 23:16:35.227341+00
9	auth	0007_alter_validators_add_error_messages	2025-02-10 23:16:35.235339+00
10	auth	0008_alter_user_username_max_length	2025-02-10 23:16:35.242081+00
11	auth	0009_alter_user_last_name_max_length	2025-02-10 23:16:35.247838+00
12	auth	0010_alter_group_name_max_length	2025-02-10 23:16:35.259534+00
13	auth	0011_update_proxy_permissions	2025-02-10 23:16:35.267145+00
14	auth	0012_alter_user_first_name_max_length	2025-02-10 23:16:35.274014+00
15	transcendence	0001_initial	2025-02-10 23:16:35.335704+00
16	account	0001_initial	2025-02-10 23:16:35.371164+00
17	account	0002_email_max_length	2025-02-10 23:16:35.379154+00
18	account	0003_alter_emailaddress_create_unique_verified_email	2025-02-10 23:16:35.398543+00
19	account	0004_alter_emailaddress_drop_unique_email	2025-02-10 23:16:35.417282+00
20	account	0005_emailaddress_idx_upper_email	2025-02-10 23:16:35.430201+00
21	account	0006_emailaddress_lower	2025-02-10 23:16:35.447129+00
22	account	0007_emailaddress_idx_email	2025-02-10 23:16:35.474263+00
23	account	0008_emailaddress_unique_primary_email_fixup	2025-02-10 23:16:35.488622+00
24	account	0009_emailaddress_unique_primary_email	2025-02-10 23:16:35.499252+00
25	admin	0001_initial	2025-02-10 23:16:35.518363+00
26	admin	0002_logentry_remove_auto_add	2025-02-10 23:16:35.527104+00
27	admin	0003_logentry_add_action_flag_choices	2025-02-10 23:16:35.538207+00
28	sessions	0001_initial	2025-02-10 23:16:35.554831+00
29	sites	0001_initial	2025-02-10 23:16:35.562848+00
30	sites	0002_alter_domain_unique	2025-02-10 23:16:35.577262+00
31	socialaccount	0001_initial	2025-02-10 23:16:35.670818+00
32	socialaccount	0002_token_max_lengths	2025-02-10 23:16:35.694123+00
33	socialaccount	0003_extra_data_default_dict	2025-02-10 23:16:35.705089+00
34	socialaccount	0004_app_provider_id_settings	2025-02-10 23:16:35.730093+00
35	socialaccount	0005_socialtoken_nullable_app	2025-02-10 23:16:35.750058+00
36	socialaccount	0006_alter_socialaccount_extra_data	2025-02-10 23:16:35.768143+00
67	transcendence	0002_auto_20250210_2358	2025-02-10 23:59:25.003602+00
68	transcendence	0003_remove_relationship_temp_field_and_more	2025-02-11 00:01:08.959441+00
69	transcendence	0004_gametype	2025-02-15 11:36:53.628578+00
\.


--
-- Data for Name: django_session; Type: TABLE DATA; Schema: public; Owner: admin
--

COPY public.django_session (session_key, session_data, expire_date) FROM stdin;
xcune0531pm5rztoewhihgipwx4wsjj7	.eJxVTktugzAQvcusEQJ_cGDXXqOq0GQ8FlYpjrBpFCHuXkPpgt3T-68QA3kckSgsU-pjwsQRunUr4J_DJQ08JU-YfJj6b05DsNnzscIfhu7aAjmboKuNbIWUQplS1LdKmbqAxxx-vOU5R1yY0ys9Q3Yvfu-opTBaw_ZZwLHZL5Hn_pAEXLg70hdPu4DjuNPluVwenlOO5dvl-fuZulQNGId9mxtqHFlnKq3FXVqpGY3SGTFJQqFaZaRDrBBZk7pVLSvXUiOssU5Z2H4BBWNvUQ:1the19:8ihGJyuqUSU-EgrZrZ1yFAM94T7Hyf70r-oVe584Bdc	2025-02-25 00:20:47.223007+00
44d7cukqusq0ek1wxmz8n72431vmakup	.eJxVjDsOwjAQRO_iGlkm699S0nMGa712cADZUpxUiLuTSCmgmWLem3mLQOtSwtrzHKYkLgLE6beLxM9cd5AeVO9NcqvLPEW5K_KgXd5ayq_r4f4dFOplW-sYR81KDXa0BFbHnJRnRGYkg5DQJfRg1JYDsHcR0Z2RQIEnY50Tny_lFzc6:1theE9:Cgz3qBgcYuAh_1v73XPLYyVcQ79r3r7e7Nsoaj99obw	2025-02-25 00:34:13.291767+00
5l2vkv3uhdvbgng0q92pwu7p60d8knj0	.eJxVjDsOwjAQRO_iGlkm699S0nMGa712cADZUpxUiLuTSCmgmWLem3mLQOtSwtrzHKYkLgLE6beLxM9cd5AeVO9NcqvLPEW5K_KgXd5ayq_r4f4dFOplW-sYR81KDXa0BFbHnJRnRGYkg5DQJfRg1JYDsHcR0Z2RQIEnY50Tny_lFzc6:1theGh:JGLGorpQ6-6QmPKBskmYU2MXhDk1yPr5BN-XXXt5Fjw	2025-02-25 00:36:51.09924+00
cixsfiu2yn7kkizwafw8ffv4hryvfqf4	.eJxVTstOhTAQ_ZdZE1L6oJad_oYxZO50GohIDS0aQ_h3C-KC3cl5b5AijTghUVzn3KeMmRN0217BP4drHnjOI2Ee49x_cB6iL57XDf4wdPcWKNkMXWOV06IRTtWy0VqoCj6X-DV6XkoixCX_5O9YzOt4VDRKWmNgf6vgnOzXxEt_ShJu3APpnedDwGk66Poark_PJaf6-Xb85UrdqgZMw7HNLbWBfLDCGPlQXhlGq01BTIpQaqetCogCkQ3pJ-FYB0et9NYH7WH_BaqdbxQ:1tiLgL:2Zwjvl8N8-iYM3k5M2IZ7TyVnTPLxybdG2u3mBAkQEQ	2025-02-26 22:58:13.223844+00
\.


--
-- Data for Name: django_site; Type: TABLE DATA; Schema: public; Owner: admin
--

COPY public.django_site (id, domain, name) FROM stdin;
3	example.com	example.com
4	localhost:8000	localhost:8000
\.


--
-- Data for Name: socialaccount_socialaccount; Type: TABLE DATA; Schema: public; Owner: admin
--

COPY public.socialaccount_socialaccount (id, provider, uid, last_login, date_joined, extra_data, user_id) FROM stdin;
1	fortytwo	132755	2025-02-12 22:58:13.206715+00	2025-02-10 23:43:48.435076+00	{"id": 132755, "url": "https://api.intra.42.fr/v2/users/jabecass", "kind": "student", "email": "jabecass@student.42lisboa.com", "image": {"link": "https://cdn.intra.42.fr/users/95260012cb5a88e53f77cfe219512613/jabecass.jpg", "versions": {"large": "https://cdn.intra.42.fr/users/0005eee3461ae4e5ed6b5e7ebdd3dbf9/large_jabecass.jpg", "micro": "https://cdn.intra.42.fr/users/3c4e8e29a9d72cf21f247884e2d67146/micro_jabecass.jpg", "small": "https://cdn.intra.42.fr/users/394b3d89e2e0cf0474c10f9c8cb8e36b/small_jabecass.jpg", "medium": "https://cdn.intra.42.fr/users/a5ba1c96722b9d90d8c8f3520ceb1ea2/medium_jabecass.jpg"}}, "login": "jabecass", "phone": "hidden", "roles": [], "campus": [{"id": 38, "zip": "1170-273", "city": "Lisboa", "name": "Lisboa", "active": true, "public": true, "address": "Rua Neves Ferreira, 13B", "country": "Portugal", "twitter": "https://twitter.com/42lisboa", "website": "http://www.42lisboa.com", "facebook": "https://www.facebook.com/42-Lisboa-100970235020298/", "language": {"id": 9, "name": "Portuguese", "created_at": "2019-01-29T15:17:48.227Z", "identifier": "pt", "updated_at": "2025-02-10T14:49:44.559Z"}, "time_zone": "Europe/Lisbon", "users_count": 3267, "vogsphere_id": 25, "email_extension": "42lisboa.com", "default_hidden_phone": false}], "groups": [], "staff?": false, "titles": [], "wallet": 160, "active?": true, "alumni?": false, "location": null, "patroned": [], "last_name": "Abecassis Consciência", "patroning": [], "pool_year": "2022", "created_at": "2022-09-02T14:09:28.987Z", "first_name": "José Maria", "pool_month": "september", "updated_at": "2025-01-31T16:06:15.315Z", "displayname": "José Maria Abecassis Consciência", "achievements": [{"id": 41, "kind": "scolarity", "name": "All work and no play makes Jack a dull boy", "tier": "none", "image": "/uploads/achievement/image/41/SCO001.svg", "visible": true, "users_url": "https://api.intra.42.fr/v2/achievements/41/users", "description": "Logged for a total of 90 hours over a week.", "nbr_of_success": null}, {"id": 54, "kind": "scolarity", "name": "Attendee", "tier": "none", "image": "/uploads/achievement/image/54/SCO003.svg", "visible": true, "users_url": "https://api.intra.42.fr/v2/achievements/54/users", "description": "Attended 1 event.", "nbr_of_success": 1}, {"id": 55, "kind": "scolarity", "name": "Attendee", "tier": "none", "image": "/uploads/achievement/image/55/SCO003.svg", "visible": true, "users_url": "https://api.intra.42.fr/v2/achievements/55/users", "description": "Attended 3 events.", "nbr_of_success": 3}, {"id": 56, "kind": "scolarity", "name": "Attendee", "tier": "easy", "image": "/uploads/achievement/image/56/SCO003.svg", "visible": true, "users_url": "https://api.intra.42.fr/v2/achievements/56/users", "description": "Attended 10 events.", "nbr_of_success": 10}, {"id": 169, "kind": "scolarity", "name": "Bill Gates", "tier": "none", "image": "/uploads/achievement/image/169/BADGE_SCOLARITY_billgates.svg", "visible": true, "users_url": "https://api.intra.42.fr/v2/achievements/169/users", "description": "Donated 1 evaluation point to the pool.", "nbr_of_success": 2}, {"id": 170, "kind": "scolarity", "name": "Bill Gates", "tier": "none", "image": "/uploads/achievement/image/170/BADGE_SCOLARITY_billgates.svg", "visible": true, "users_url": "https://api.intra.42.fr/v2/achievements/170/users", "description": "Donated 10 evaluation points to the pool.", "nbr_of_success": 10}, {"id": 17, "kind": "project", "name": "Bonus Hunter", "tier": "easy", "image": "/uploads/achievement/image/17/PRO005.svg", "visible": true, "users_url": "https://api.intra.42.fr/v2/achievements/17/users", "description": "Validated 1 project with the maximum score.", "nbr_of_success": 1}, {"id": 18, "kind": "project", "name": "Bonus Hunter", "tier": "medium", "image": "/uploads/achievement/image/18/PRO005.svg", "visible": true, "users_url": "https://api.intra.42.fr/v2/achievements/18/users", "description": "Validated 3 projects with the maximum score.", "nbr_of_success": 3}, {"id": 19, "kind": "project", "name": "Bonus Hunter", "tier": "hard", "image": "/uploads/achievement/image/19/PRO005.svg", "visible": true, "users_url": "https://api.intra.42.fr/v2/achievements/19/users", "description": "Validated 10 projects with the maximum score.", "nbr_of_success": 10}, {"id": 4, "kind": "project", "name": "Code Explorer", "tier": "none", "image": "/uploads/achievement/image/4/PRO002.svg", "visible": true, "users_url": "https://api.intra.42.fr/v2/achievements/4/users", "description": "Valided your first project.", "nbr_of_success": 1}, {"id": 5, "kind": "project", "name": "Code Explorer", "tier": "none", "image": "/uploads/achievement/image/5/PRO002.svg", "visible": true, "users_url": "https://api.intra.42.fr/v2/achievements/5/users", "description": "Validated 3 projects", "nbr_of_success": 3}, {"id": 6, "kind": "project", "name": "Code Explorer", "tier": "none", "image": "/uploads/achievement/image/6/PRO002.svg", "visible": true, "users_url": "https://api.intra.42.fr/v2/achievements/6/users", "description": "Validated 10 projects.", "nbr_of_success": 10}, {"id": 7, "kind": "project", "name": "Code Explorer", "tier": "none", "image": "/uploads/achievement/image/7/PRO002.svg", "visible": true, "users_url": "https://api.intra.42.fr/v2/achievements/7/users", "description": "Validated 21 projects.", "nbr_of_success": 21}, {"id": 787, "kind": "project", "name": "Ducking Duck Rank 1", "tier": "none", "image": "/uploads/achievement/image/787/pato1-2.svg", "visible": true, "users_url": "https://api.intra.42.fr/v2/achievements/787/users", "description": "You completed Rank 1! Congratulations 😎 ", "nbr_of_success": 1}, {"id": 788, "kind": "project", "name": "Ducking Duck Rank 2", "tier": "none", "image": "/uploads/achievement/image/788/pato2-2.svg", "visible": true, "users_url": "https://api.intra.42.fr/v2/achievements/788/users", "description": "You completed Rank 2! Congratulations 😎", "nbr_of_success": null}, {"id": 789, "kind": "project", "name": "Ducking Duck Rank 3", "tier": "none", "image": "/uploads/achievement/image/789/pato3-2.svg", "visible": true, "users_url": "https://api.intra.42.fr/v2/achievements/789/users", "description": "You completed Rank 3! Congratulations 😎", "nbr_of_success": null}, {"id": 790, "kind": "project", "name": "Ducking Duck Rank 4", "tier": "none", "image": "/uploads/achievement/image/790/pato4-2.svg", "visible": true, "users_url": "https://api.intra.42.fr/v2/achievements/790/users", "description": "You completed Rank 4! Congratulations 😎", "nbr_of_success": null}, {"id": 791, "kind": "project", "name": "Ducking Duck Rank 5", "tier": "none", "image": "/uploads/achievement/image/791/pato5-2.svg", "visible": true, "users_url": "https://api.intra.42.fr/v2/achievements/791/users", "description": "You completed Rank 5! Congratulations 😎", "nbr_of_success": null}, {"id": 46, "kind": "pedagogy", "name": "Film buff", "tier": "none", "image": "/uploads/achievement/image/46/PED005.svg", "visible": true, "users_url": "https://api.intra.42.fr/v2/achievements/46/users", "description": "Watched 1 video from the e-learning.", "nbr_of_success": 1}, {"id": 47, "kind": "pedagogy", "name": "Film buff", "tier": "none", "image": "/uploads/achievement/image/47/PED005.svg", "visible": true, "users_url": "https://api.intra.42.fr/v2/achievements/47/users", "description": "Watched 3 videos from the e-learning.", "nbr_of_success": 3}, {"id": 82, "kind": "pedagogy", "name": "I have no idea what I'm doing", "tier": "none", "image": "/uploads/achievement/image/82/PED011.svg", "visible": true, "users_url": "https://api.intra.42.fr/v2/achievements/82/users", "description": "Made a defense without having validated the project.", "nbr_of_success": null}, {"id": 84, "kind": "pedagogy", "name": "I'm reliable !", "tier": "easy", "image": "/uploads/achievement/image/84/PED009.svg", "visible": true, "users_url": "https://api.intra.42.fr/v2/achievements/84/users", "description": "Participated in 21 defenses in a row without missing any.", "nbr_of_success": 21}, {"id": 36, "kind": "social", "name": "It's a rich man's world", "tier": "none", "image": "/uploads/achievement/image/36/SOC004.svg", "visible": true, "users_url": "https://api.intra.42.fr/v2/achievements/36/users", "description": "Collected 100 wallet points.", "nbr_of_success": 100}, {"id": 25, "kind": "project", "name": "Rigorous Basterd", "tier": "none", "image": "/uploads/achievement/image/25/PRO010.svg", "visible": true, "users_url": "https://api.intra.42.fr/v2/achievements/25/users", "description": "Validated 3 projects in a row (Piscine days included).", "nbr_of_success": 3}, {"id": 26, "kind": "project", "name": "Rigorous Basterd", "tier": "easy", "image": "/uploads/achievement/image/26/PRO010.svg", "visible": true, "users_url": "https://api.intra.42.fr/v2/achievements/26/users", "description": "Validated 10 projects in a row (Piscine days included).", "nbr_of_success": 10}, {"id": 1, "kind": "project", "name": "Welcome, Cadet !", "tier": "none", "image": "/uploads/achievement/image/1/PRO001.svg", "visible": true, "users_url": "https://api.intra.42.fr/v2/achievements/1/users", "description": "You have passed the C Piscine! Welcome to 42!", "nbr_of_success": null}], "alumnized_at": null, "campus_users": [{"id": 124158, "user_id": 132755, "campus_id": 38, "created_at": "2022-09-02T14:09:29.012Z", "is_primary": true, "updated_at": "2022-09-02T14:09:29.012Z"}], "cursus_users": [{"id": 184058, "user": {"id": 132755, "url": "https://api.intra.42.fr/v2/users/jabecass", "kind": "student", "email": "jabecass@student.42lisboa.com", "image": {"link": "https://cdn.intra.42.fr/users/95260012cb5a88e53f77cfe219512613/jabecass.jpg", "versions": {"large": "https://cdn.intra.42.fr/users/0005eee3461ae4e5ed6b5e7ebdd3dbf9/large_jabecass.jpg", "micro": "https://cdn.intra.42.fr/users/3c4e8e29a9d72cf21f247884e2d67146/micro_jabecass.jpg", "small": "https://cdn.intra.42.fr/users/394b3d89e2e0cf0474c10f9c8cb8e36b/small_jabecass.jpg", "medium": "https://cdn.intra.42.fr/users/a5ba1c96722b9d90d8c8f3520ceb1ea2/medium_jabecass.jpg"}}, "login": "jabecass", "phone": "hidden", "staff?": false, "wallet": 160, "active?": true, "alumni?": false, "location": null, "last_name": "Abecassis Consciência", "pool_year": "2022", "created_at": "2022-09-02T14:09:28.987Z", "first_name": "José Maria", "pool_month": "september", "updated_at": "2025-01-31T16:06:15.315Z", "displayname": "José Maria Abecassis Consciência", "alumnized_at": null, "anonymize_date": "2028-02-12T00:00:00.000+00:00", "usual_full_name": "José Maria Abecassis Consciência", "correction_point": 11, "usual_first_name": null, "data_erasure_date": "2028-02-12T00:00:00.000+00:00"}, "grade": null, "level": 8.16, "cursus": {"id": 9, "kind": "piscine", "name": "C Piscine", "slug": "c-piscine", "created_at": "2015-11-04T10:58:13.979Z"}, "end_at": "2022-09-30T17:00:00.000Z", "skills": [{"id": 4, "name": "Unix", "level": 9.31}, {"id": 1, "name": "Algorithms & AI", "level": 6.16}, {"id": 3, "name": "Rigor", "level": 5.41}, {"id": 14, "name": "Adaptation & creativity", "level": 5.07}, {"id": 7, "name": "Group & interpersonal", "level": 0.79}], "begin_at": "2022-09-05T08:00:00.000Z", "cursus_id": 9, "created_at": "2022-09-02T14:09:30.026Z", "updated_at": "2022-09-02T14:09:30.026Z", "blackholed_at": null, "has_coalition": true}, {"id": 192028, "user": {"id": 132755, "url": "https://api.intra.42.fr/v2/users/jabecass", "kind": "student", "email": "jabecass@student.42lisboa.com", "image": {"link": "https://cdn.intra.42.fr/users/95260012cb5a88e53f77cfe219512613/jabecass.jpg", "versions": {"large": "https://cdn.intra.42.fr/users/0005eee3461ae4e5ed6b5e7ebdd3dbf9/large_jabecass.jpg", "micro": "https://cdn.intra.42.fr/users/3c4e8e29a9d72cf21f247884e2d67146/micro_jabecass.jpg", "small": "https://cdn.intra.42.fr/users/394b3d89e2e0cf0474c10f9c8cb8e36b/small_jabecass.jpg", "medium": "https://cdn.intra.42.fr/users/a5ba1c96722b9d90d8c8f3520ceb1ea2/medium_jabecass.jpg"}}, "login": "jabecass", "phone": "hidden", "staff?": false, "wallet": 160, "active?": true, "alumni?": false, "location": null, "last_name": "Abecassis Consciência", "pool_year": "2022", "created_at": "2022-09-02T14:09:28.987Z", "first_name": "José Maria", "pool_month": "september", "updated_at": "2025-01-31T16:06:15.315Z", "displayname": "José Maria Abecassis Consciência", "alumnized_at": null, "anonymize_date": "2028-02-12T00:00:00.000+00:00", "usual_full_name": "José Maria Abecassis Consciência", "correction_point": 11, "usual_first_name": null, "data_erasure_date": "2028-02-12T00:00:00.000+00:00"}, "grade": "Learner", "level": 8.2, "cursus": {"id": 21, "kind": "main", "name": "42cursus", "slug": "42cursus", "created_at": "2019-07-29T08:45:17.896Z"}, "end_at": null, "skills": [{"id": 10, "name": "Network & system administration", "level": 7.39}, {"id": 3, "name": "Rigor", "level": 6.72}, {"id": 17, "name": "Object-oriented programming", "level": 5.5600000000000005}, {"id": 2, "name": "Imperative programming", "level": 4.93}, {"id": 4, "name": "Unix", "level": 4.36}, {"id": 1, "name": "Algorithms & AI", "level": 3.86}, {"id": 5, "name": "Graphics", "level": 3.23}], "begin_at": "2022-10-24T09:42:00.000Z", "cursus_id": 21, "created_at": "2022-10-06T12:52:24.412Z", "updated_at": "2022-10-06T12:52:24.412Z", "blackholed_at": "2025-03-27T10:42:00.000Z", "has_coalition": true}], "partnerships": [], "titles_users": [], "anonymize_date": "2028-02-12T00:00:00.000+00:00", "projects_users": [{"id": 4073489, "marked": true, "status": "finished", "project": {"id": 1323, "name": "Exam Rank 05", "slug": "exam-rank-05", "parent_id": null}, "marked_at": "2025-01-31T16:06:12.767Z", "created_at": "2025-01-02T13:50:16.045Z", "cursus_ids": [21], "final_mark": 100, "occurrence": 0, "updated_at": "2025-01-31T16:06:22.436Z", "validated?": true, "retriable_at": "2025-01-31T16:06:12.860Z", "current_team_id": 6257321}, {"id": 4056963, "marked": true, "status": "finished", "project": {"id": 1983, "name": "Inception", "slug": "inception", "parent_id": null}, "marked_at": "2024-12-10T12:35:10.608Z", "created_at": "2024-12-10T08:42:54.678Z", "cursus_ids": [21], "final_mark": 100, "occurrence": 0, "updated_at": "2024-12-10T12:35:10.814Z", "validated?": true, "retriable_at": "2024-12-13T12:35:10.800Z", "current_team_id": 6234964}, {"id": 3940522, "marked": true, "status": "finished", "project": {"id": 1336, "name": "ft_irc", "slug": "ft_irc", "parent_id": null}, "marked_at": "2024-09-21T16:45:49.150Z", "created_at": "2024-09-21T11:42:58.464Z", "cursus_ids": [21], "final_mark": 115, "occurrence": 0, "updated_at": "2024-09-21T16:45:49.663Z", "validated?": true, "retriable_at": "2024-09-24T16:45:49.382Z", "current_team_id": 6070968}, {"id": 3668274, "marked": true, "status": "finished", "project": {"id": 2309, "name": "CPP Module 09", "slug": "cpp-module-09", "parent_id": null}, "marked_at": "2024-05-12T15:33:48.045Z", "created_at": "2024-05-12T09:30:07.827Z", "cursus_ids": [21], "final_mark": 100, "occurrence": 0, "updated_at": "2024-05-12T15:33:48.230Z", "validated?": true, "retriable_at": "2024-05-13T15:33:48.216Z", "current_team_id": 5675965}, {"id": 3629179, "marked": true, "status": "finished", "project": {"id": 1346, "name": "CPP Module 08", "slug": "cpp-module-08", "parent_id": null}, "marked_at": "2024-04-06T16:44:46.048Z", "created_at": "2024-04-06T13:02:39.311Z", "cursus_ids": [21], "final_mark": 100, "occurrence": 0, "updated_at": "2024-04-06T16:44:46.107Z", "validated?": true, "retriable_at": "2024-04-07T16:44:46.095Z", "current_team_id": 5625255}, {"id": 3621677, "marked": true, "status": "finished", "project": {"id": 1345, "name": "CPP Module 07", "slug": "cpp-module-07", "parent_id": null}, "marked_at": "2024-03-31T14:14:39.686Z", "created_at": "2024-03-31T09:46:05.154Z", "cursus_ids": [21], "final_mark": 100, "occurrence": 0, "updated_at": "2024-03-31T14:14:39.728Z", "validated?": true, "retriable_at": "2024-04-01T14:14:39.715Z", "current_team_id": 5614995}, {"id": 3621255, "marked": true, "status": "finished", "project": {"id": 1344, "name": "CPP Module 06", "slug": "cpp-module-06", "parent_id": null}, "marked_at": "2024-03-30T15:09:10.982Z", "created_at": "2024-03-30T12:19:29.434Z", "cursus_ids": [21], "final_mark": 100, "occurrence": 0, "updated_at": "2024-03-30T15:09:11.028Z", "validated?": true, "retriable_at": "2024-03-31T14:09:11.012Z", "current_team_id": 5614327}, {"id": 3612961, "marked": true, "status": "finished", "project": {"id": 1343, "name": "CPP Module 05", "slug": "cpp-module-05", "parent_id": null}, "marked_at": "2024-03-24T12:49:42.565Z", "created_at": "2024-03-24T10:44:28.033Z", "cursus_ids": [21], "final_mark": 100, "occurrence": 0, "updated_at": "2024-03-24T12:49:42.604Z", "validated?": true, "retriable_at": "2024-03-25T12:49:42.593Z", "current_team_id": 5602394}, {"id": 3481157, "marked": true, "status": "finished", "project": {"id": 1326, "name": "cub3d", "slug": "cub3d", "parent_id": null}, "marked_at": "2024-01-16T17:58:36.003Z", "created_at": "2024-01-16T14:56:53.903Z", "cursus_ids": [21], "final_mark": 105, "occurrence": 0, "updated_at": "2024-01-16T17:58:36.152Z", "validated?": true, "retriable_at": "2024-01-19T17:58:36.139Z", "current_team_id": 5413361}, {"id": 3411144, "marked": true, "status": "finished", "project": {"id": 1322, "name": "Exam Rank 04", "slug": "exam-rank-04", "parent_id": null}, "marked_at": "2023-11-20T15:09:57.208Z", "created_at": "2023-11-17T10:14:21.648Z", "cursus_ids": [21], "final_mark": 100, "occurrence": 0, "updated_at": "2023-11-20T15:10:12.066Z", "validated?": true, "retriable_at": "2023-11-20T15:09:57.294Z", "current_team_id": 5315158}, {"id": 3402830, "marked": true, "status": "finished", "project": {"id": 1342, "name": "CPP Module 04", "slug": "cpp-module-04", "parent_id": null}, "marked_at": "2023-11-13T11:13:52.690Z", "created_at": "2023-11-13T08:53:21.853Z", "cursus_ids": [21], "final_mark": 80, "occurrence": 0, "updated_at": "2023-11-13T11:13:52.854Z", "validated?": true, "retriable_at": "2023-11-14T11:13:52.840Z", "current_team_id": 5303968}, {"id": 3399776, "marked": true, "status": "finished", "project": {"id": 1341, "name": "CPP Module 03", "slug": "cpp-module-03", "parent_id": null}, "marked_at": "2023-11-11T13:24:21.707Z", "created_at": "2023-11-09T19:11:35.087Z", "cursus_ids": [21], "final_mark": 80, "occurrence": 0, "updated_at": "2023-11-11T13:24:21.761Z", "validated?": true, "retriable_at": "2023-11-12T13:24:21.745Z", "current_team_id": 5299154}, {"id": 3395385, "marked": true, "status": "finished", "project": {"id": 1340, "name": "CPP Module 02", "slug": "cpp-module-02", "parent_id": null}, "marked_at": "2023-11-09T12:25:36.211Z", "created_at": "2023-11-07T12:58:54.343Z", "cursus_ids": [21], "final_mark": 80, "occurrence": 0, "updated_at": "2023-11-09T12:25:36.263Z", "validated?": true, "retriable_at": "2023-11-10T12:25:36.241Z", "current_team_id": 5292789}, {"id": 3394874, "marked": true, "status": "finished", "project": {"id": 1339, "name": "CPP Module 01", "slug": "cpp-module-01", "parent_id": null}, "marked_at": "2023-11-07T12:24:43.850Z", "created_at": "2023-11-07T08:58:34.180Z", "cursus_ids": [21], "final_mark": 100, "occurrence": 0, "updated_at": "2023-11-07T12:24:43.895Z", "validated?": true, "retriable_at": "2023-11-08T12:24:43.881Z", "current_team_id": 5292056}, {"id": 3365298, "marked": true, "status": "finished", "project": {"id": 1338, "name": "CPP Module 00", "slug": "cpp-module-00", "parent_id": null}, "marked_at": "2023-11-02T10:37:24.110Z", "created_at": "2023-10-17T14:07:45.322Z", "cursus_ids": [21], "final_mark": 100, "occurrence": 0, "updated_at": "2023-11-02T10:37:24.154Z", "validated?": true, "retriable_at": "2023-11-03T10:37:24.141Z", "current_team_id": 5251612}, {"id": 3280368, "marked": true, "status": "finished", "project": {"id": 2007, "name": "NetPractice", "slug": "netpractice", "parent_id": null}, "marked_at": "2023-08-31T09:58:33.990Z", "created_at": "2023-08-31T08:12:35.616Z", "cursus_ids": [21], "final_mark": 100, "occurrence": 0, "updated_at": "2023-08-31T09:58:34.167Z", "validated?": true, "retriable_at": "2023-09-03T09:58:34.151Z", "current_team_id": 5121786}, {"id": 3127972, "marked": true, "status": "finished", "project": {"id": 1334, "name": "Philosophers", "slug": "42cursus-philosophers", "parent_id": null}, "marked_at": "2023-08-28T16:52:45.516Z", "created_at": "2023-06-20T14:46:18.133Z", "cursus_ids": [21], "final_mark": 100, "occurrence": 0, "updated_at": "2023-08-28T16:52:45.745Z", "validated?": true, "retriable_at": "2023-08-31T16:52:45.729Z", "current_team_id": 4892429}, {"id": 3084677, "marked": true, "status": "finished", "project": {"id": 1331, "name": "minishell", "slug": "42cursus-minishell", "parent_id": null}, "marked_at": "2023-07-19T10:33:48.745Z", "created_at": "2023-05-04T16:47:26.458Z", "cursus_ids": [21], "final_mark": 100, "occurrence": 0, "updated_at": "2023-07-19T10:33:49.229Z", "validated?": true, "retriable_at": "2023-07-22T10:33:48.910Z", "current_team_id": 4962172}, {"id": 3080162, "marked": true, "status": "finished", "project": {"id": 1321, "name": "Exam Rank 03", "slug": "exam-rank-03", "parent_id": null}, "marked_at": "2023-07-06T17:46:01.931Z", "created_at": "2023-04-28T16:54:41.048Z", "cursus_ids": [21], "final_mark": 100, "occurrence": 1, "updated_at": "2023-07-06T17:46:42.594Z", "validated?": true, "retriable_at": "2023-07-06T17:46:02.013Z", "current_team_id": 4903863}, {"id": 2927982, "marked": true, "status": "finished", "project": {"id": 1320, "name": "Exam Rank 02", "slug": "exam-rank-02", "parent_id": null}, "marked_at": "2023-04-27T18:09:39.408Z", "created_at": "2023-01-08T14:55:56.322Z", "cursus_ids": [21], "final_mark": 100, "occurrence": 2, "updated_at": "2023-04-27T18:09:51.409Z", "validated?": true, "retriable_at": "2023-04-27T18:09:39.481Z", "current_team_id": 4819430}, {"id": 3044098, "marked": true, "status": "finished", "project": {"id": 2004, "name": "pipex", "slug": "pipex", "parent_id": null}, "marked_at": "2023-04-18T10:36:53.002Z", "created_at": "2023-03-24T17:29:19.392Z", "cursus_ids": [21], "final_mark": 100, "occurrence": 0, "updated_at": "2023-04-18T10:36:53.258Z", "validated?": true, "retriable_at": "2023-04-20T10:36:53.237Z", "current_team_id": 4778146}, {"id": 3014388, "marked": true, "status": "finished", "project": {"id": 2009, "name": "so_long", "slug": "so_long", "parent_id": null}, "marked_at": "2023-03-24T17:28:47.541Z", "created_at": "2023-03-03T15:45:52.847Z", "cursus_ids": [21], "final_mark": 106, "occurrence": 0, "updated_at": "2023-03-24T17:28:47.714Z", "validated?": true, "retriable_at": "2023-03-27T16:28:47.699Z", "current_team_id": 4736463}, {"id": 2940967, "marked": true, "status": "finished", "project": {"id": 1471, "name": "push_swap", "slug": "42cursus-push_swap", "parent_id": null}, "marked_at": "2023-02-23T11:54:00.607Z", "created_at": "2023-01-19T16:50:33.096Z", "cursus_ids": [21], "final_mark": 93, "occurrence": 2, "updated_at": "2023-02-23T11:54:00.920Z", "validated?": true, "retriable_at": "2023-02-26T11:54:00.897Z", "current_team_id": 4715342}, {"id": 2925385, "marked": true, "status": "finished", "project": {"id": 1994, "name": "Born2beroot", "slug": "born2beroot", "parent_id": null}, "marked_at": "2023-01-07T17:39:26.740Z", "created_at": "2023-01-02T14:32:56.559Z", "cursus_ids": [21], "final_mark": 100, "occurrence": 0, "updated_at": "2023-01-07T17:39:26.874Z", "validated?": true, "retriable_at": "2023-01-08T17:39:26.860Z", "current_team_id": 4610042}, {"id": 2916369, "marked": true, "status": "finished", "project": {"id": 1327, "name": "get_next_line", "slug": "42cursus-get_next_line", "parent_id": null}, "marked_at": "2022-12-16T17:24:06.187Z", "created_at": "2022-12-16T15:34:31.418Z", "cursus_ids": [21], "final_mark": 105, "occurrence": 0, "updated_at": "2022-12-16T17:24:06.305Z", "validated?": true, "retriable_at": "2022-12-17T17:24:06.292Z", "current_team_id": 4598394}, {"id": 2906114, "marked": true, "status": "finished", "project": {"id": 1316, "name": "ft_printf", "slug": "42cursus-ft_printf", "parent_id": null}, "marked_at": "2022-12-06T14:35:59.468Z", "created_at": "2022-12-05T15:07:09.397Z", "cursus_ids": [21], "final_mark": 100, "occurrence": 0, "updated_at": "2022-12-06T14:35:59.569Z", "validated?": true, "retriable_at": "2022-12-07T14:35:59.556Z", "current_team_id": 4583661}, {"id": 2849064, "marked": true, "status": "finished", "project": {"id": 1314, "name": "Libft", "slug": "42cursus-libft", "parent_id": null}, "marked_at": "2022-11-08T16:56:01.869Z", "created_at": "2022-10-24T12:38:00.017Z", "cursus_ids": [21], "final_mark": 125, "occurrence": 0, "updated_at": "2022-11-08T16:56:01.993Z", "validated?": true, "retriable_at": "2022-11-09T16:56:01.978Z", "current_team_id": 4506591}, {"id": 2805588, "marked": true, "status": "finished", "project": {"id": 1270, "name": "C Piscine C 07", "slug": "c-piscine-c-07", "parent_id": null}, "marked_at": "2022-09-30T17:02:12.242Z", "created_at": "2022-09-26T13:44:25.841Z", "cursus_ids": [9], "final_mark": 0, "occurrence": 0, "updated_at": "2022-09-30T17:03:13.523Z", "validated?": false, "retriable_at": "2022-09-30T17:22:12.300Z", "current_team_id": 4445375}, {"id": 2803002, "marked": true, "status": "finished", "project": {"id": 1305, "name": "C Piscine BSQ", "slug": "c-piscine-bsq", "parent_id": null}, "marked_at": "2022-09-30T17:02:13.662Z", "created_at": "2022-09-24T19:56:59.651Z", "cursus_ids": [9], "final_mark": 0, "occurrence": 0, "updated_at": "2022-09-30T17:02:14.609Z", "validated?": false, "retriable_at": null, "current_team_id": 4441771}, {"id": 2810989, "marked": true, "status": "finished", "project": {"id": 1304, "name": "C Piscine Final Exam", "slug": "c-piscine-final-exam", "parent_id": null}, "marked_at": "2022-09-30T12:39:57.427Z", "created_at": "2022-09-28T16:10:05.067Z", "cursus_ids": [9], "final_mark": 60, "occurrence": 0, "updated_at": "2022-09-30T13:48:27.396Z", "validated?": true, "retriable_at": null, "current_team_id": 4452913}, {"id": 2802142, "marked": true, "status": "finished", "project": {"id": 1309, "name": "C Piscine Rush 02", "slug": "c-piscine-rush-02", "parent_id": null}, "marked_at": "2022-09-28T15:23:40.183Z", "created_at": "2022-09-23T16:18:35.055Z", "cursus_ids": [9], "final_mark": 0, "occurrence": 0, "updated_at": "2022-09-28T15:23:40.304Z", "validated?": false, "retriable_at": null, "current_team_id": 4440662}, {"id": 2797101, "marked": true, "status": "finished", "project": {"id": 1262, "name": "C Piscine C 05", "slug": "c-piscine-c-05", "parent_id": null}, "marked_at": "2022-09-26T12:04:32.075Z", "created_at": "2022-09-21T09:48:22.201Z", "cursus_ids": [9], "final_mark": 80, "occurrence": 0, "updated_at": "2022-09-26T12:04:32.267Z", "validated?": true, "retriable_at": "2022-09-26T12:24:32.252Z", "current_team_id": 4433208}, {"id": 2799269, "marked": true, "status": "finished", "project": {"id": 1263, "name": "C Piscine C 06", "slug": "c-piscine-c-06", "parent_id": null}, "marked_at": "2022-09-26T10:59:22.875Z", "created_at": "2022-09-22T08:10:03.465Z", "cursus_ids": [9], "final_mark": 100, "occurrence": 0, "updated_at": "2022-09-26T10:59:23.029Z", "validated?": true, "retriable_at": "2022-09-26T11:19:23.016Z", "current_team_id": 4436324}, {"id": 2798666, "marked": true, "status": "finished", "project": {"id": 1303, "name": "C Piscine Exam 02", "slug": "c-piscine-exam-02", "parent_id": null}, "marked_at": "2022-09-23T20:15:21.046Z", "created_at": "2022-09-21T18:18:11.419Z", "cursus_ids": [9], "final_mark": 70, "occurrence": 0, "updated_at": "2022-09-23T20:35:17.986Z", "validated?": true, "retriable_at": null, "current_team_id": 4435338}, {"id": 2785570, "marked": true, "status": "finished", "project": {"id": 1310, "name": "C Piscine Rush 01", "slug": "c-piscine-rush-01", "parent_id": null}, "marked_at": "2022-09-21T18:03:50.744Z", "created_at": "2022-09-14T15:08:59.762Z", "cursus_ids": [9], "final_mark": 0, "occurrence": 0, "updated_at": "2022-09-21T18:03:50.810Z", "validated?": false, "retriable_at": null, "current_team_id": 4423177}, {"id": 2793678, "marked": true, "status": "finished", "project": {"id": 1261, "name": "C Piscine C 04", "slug": "c-piscine-c-04", "parent_id": null}, "marked_at": "2022-09-20T21:57:16.133Z", "created_at": "2022-09-19T12:42:23.976Z", "cursus_ids": [9], "final_mark": 85, "occurrence": 1, "updated_at": "2022-09-20T21:57:16.235Z", "validated?": true, "retriable_at": "2022-09-20T22:37:16.224Z", "current_team_id": 4431514}, {"id": 2791418, "marked": true, "status": "finished", "project": {"id": 1260, "name": "C Piscine C 03", "slug": "c-piscine-c-03", "parent_id": null}, "marked_at": "2022-09-20T21:56:08.281Z", "created_at": "2022-09-17T15:53:41.716Z", "cursus_ids": [9], "final_mark": 75, "occurrence": 1, "updated_at": "2022-09-20T21:56:08.386Z", "validated?": true, "retriable_at": "2022-09-20T22:36:08.372Z", "current_team_id": 4431516}, {"id": 2785564, "marked": true, "status": "finished", "project": {"id": 1259, "name": "C Piscine C 02", "slug": "c-piscine-c-02", "parent_id": null}, "marked_at": "2022-09-19T12:41:45.238Z", "created_at": "2022-09-14T15:08:24.151Z", "cursus_ids": [9], "final_mark": 75, "occurrence": 2, "updated_at": "2022-09-19T12:41:45.362Z", "validated?": true, "retriable_at": "2022-09-19T13:41:45.348Z", "current_team_id": 4427611}, {"id": 2785569, "marked": true, "status": "finished", "project": {"id": 1302, "name": "C Piscine Exam 01", "slug": "c-piscine-exam-01", "parent_id": null}, "marked_at": "2022-09-16T18:26:39.176Z", "created_at": "2022-09-14T15:08:51.559Z", "cursus_ids": [9], "final_mark": 48, "occurrence": 0, "updated_at": "2022-09-16T19:55:24.611Z", "validated?": true, "retriable_at": null, "current_team_id": 4415875}, {"id": 2779475, "marked": true, "status": "finished", "project": {"id": 1258, "name": "C Piscine C 01", "slug": "c-piscine-c-01", "parent_id": null}, "marked_at": "2022-09-15T14:53:57.024Z", "created_at": "2022-09-12T14:49:37.792Z", "cursus_ids": [9], "final_mark": 100, "occurrence": 2, "updated_at": "2022-09-15T14:53:57.138Z", "validated?": true, "retriable_at": "2022-09-15T15:53:57.126Z", "current_team_id": 4418714}, {"id": 2774516, "marked": true, "status": "finished", "project": {"id": 1308, "name": "C Piscine Rush 00", "slug": "c-piscine-rush-00", "parent_id": null}, "marked_at": "2022-09-14T14:22:35.125Z", "created_at": "2022-09-09T11:14:47.333Z", "cursus_ids": [9], "final_mark": 100, "occurrence": 0, "updated_at": "2022-09-14T14:22:35.499Z", "validated?": true, "retriable_at": null, "current_team_id": 4399880}, {"id": 2772676, "marked": true, "status": "finished", "project": {"id": 1257, "name": "C Piscine C 00", "slug": "c-piscine-c-00", "parent_id": null}, "marked_at": "2022-09-12T16:03:22.271Z", "created_at": "2022-09-08T08:08:54.934Z", "cursus_ids": [9], "final_mark": 85, "occurrence": 0, "updated_at": "2022-09-12T16:03:22.379Z", "validated?": true, "retriable_at": "2022-09-12T16:23:22.367Z", "current_team_id": 4396459}, {"id": 2770022, "marked": true, "status": "finished", "project": {"id": 1256, "name": "C Piscine Shell 01", "slug": "c-piscine-shell-01", "parent_id": null}, "marked_at": "2022-09-11T10:44:56.576Z", "created_at": "2022-09-07T08:40:14.891Z", "cursus_ids": [9], "final_mark": 70, "occurrence": 2, "updated_at": "2022-09-11T10:44:56.765Z", "validated?": true, "retriable_at": "2022-09-11T11:44:56.750Z", "current_team_id": 4401529}, {"id": 2770331, "marked": true, "status": "finished", "project": {"id": 1301, "name": "C Piscine Exam 00", "slug": "c-piscine-exam-00", "parent_id": null}, "marked_at": "2022-09-09T19:42:36.954Z", "created_at": "2022-09-07T10:13:58.587Z", "cursus_ids": [9], "final_mark": 48, "occurrence": 0, "updated_at": "2022-09-09T20:33:38.699Z", "validated?": true, "retriable_at": null, "current_team_id": 4393053}, {"id": 2766549, "marked": true, "status": "finished", "project": {"id": 1255, "name": "C Piscine Shell 00", "slug": "c-piscine-shell-00", "parent_id": null}, "marked_at": "2022-09-07T09:13:09.614Z", "created_at": "2022-09-05T08:46:40.059Z", "cursus_ids": [9], "final_mark": 100, "occurrence": 1, "updated_at": "2022-09-07T09:13:09.733Z", "validated?": true, "retriable_at": "2022-09-07T09:53:09.721Z", "current_team_id": 4391402}], "languages_users": [{"id": 770751, "user_id": 132755, "position": 1, "created_at": "2023-04-24T10:34:08.537Z", "language_id": 2}, {"id": 770752, "user_id": 132755, "position": 2, "created_at": "2023-04-24T10:34:08.560Z", "language_id": 9}], "usual_full_name": "José Maria Abecassis Consciência", "correction_point": 11, "expertises_users": [], "usual_first_name": null, "data_erasure_date": "2028-02-12T00:00:00.000+00:00"}	2
\.


--
-- Data for Name: socialaccount_socialapp; Type: TABLE DATA; Schema: public; Owner: admin
--

COPY public.socialaccount_socialapp (id, provider, name, client_id, secret, key, provider_id, settings) FROM stdin;
1	fortytwo	42 OAuth	u-s4t2ud-77d60e691cb374371e92ff006758ec64be4ada6e19b55bba5e99c0433d774e7e	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		fortytwo	{}
\.


--
-- Data for Name: socialaccount_socialapp_sites; Type: TABLE DATA; Schema: public; Owner: admin
--

COPY public.socialaccount_socialapp_sites (id, socialapp_id, site_id) FROM stdin;
1	1	4
\.


--
-- Data for Name: socialaccount_socialtoken; Type: TABLE DATA; Schema: public; Owner: admin
--

COPY public.socialaccount_socialtoken (id, token, token_secret, expires_at, account_id, app_id) FROM stdin;
\.


--
-- Data for Name: transcendence_customuser; Type: TABLE DATA; Schema: public; Owner: admin
--

COPY public.transcendence_customuser (id, password, last_login, is_superuser, username, first_name, last_name, email, is_staff, is_active, date_joined, avatar_url) FROM stdin;
3	pbkdf2_sha256$600000$iMLjtZ7xXDo9OkyVximO6v$7l1Nmq8jWvq2zenVraZ2BU7Ri5cHqevOVaZo5LsyZWE=	2025-02-12 22:26:18.781484+00	f	teste			teste@teste.com	f	t	2025-02-11 00:10:34.746356+00	\N
1	pbkdf2_sha256$600000$IaqfmYxiZQj9eebhLCzOiy$eSAVUsXwFHHuEeI46r3aGWm0x5wXN9lGlesdImYPxZA=	2025-02-12 22:57:18.827655+00	t	root				t	t	2025-02-10 23:41:42.264935+00	\N
2	!EKw3Rai46LAPRE4ViYU7zZWmjgxKNyrqQnUpjqek	2025-02-12 22:58:13.221884+00	f	jabecass	José Maria	Abecassis Consciência	jabecass@student.42lisboa.com	f	t	2025-02-10 23:43:48.420774+00	https://cdn.intra.42.fr/users/95260012cb5a88e53f77cfe219512613/jabecass.jpg
\.


--
-- Data for Name: transcendence_customuser_groups; Type: TABLE DATA; Schema: public; Owner: admin
--

COPY public.transcendence_customuser_groups (id, customuser_id, group_id) FROM stdin;
\.


--
-- Data for Name: transcendence_customuser_user_permissions; Type: TABLE DATA; Schema: public; Owner: admin
--

COPY public.transcendence_customuser_user_permissions (id, customuser_id, permission_id) FROM stdin;
\.


--
-- Data for Name: transcendence_gametype; Type: TABLE DATA; Schema: public; Owner: admin
--

COPY public.transcendence_gametype (id, name) FROM stdin;
\.


--
-- Data for Name: transcendence_relationship; Type: TABLE DATA; Schema: public; Owner: admin
--

COPY public.transcendence_relationship (id, status, created_at, updated_at, from_user_id, to_user_id) FROM stdin;
2	pending	2025-02-11 00:04:38.684355+00	2025-02-11 00:04:38.684375+00	2	1
35	accepted	2025-02-11 00:10:57.857614+00	2025-02-11 00:19:49.776919+00	3	2
\.


--
-- Name: account_emailaddress_id_seq; Type: SEQUENCE SET; Schema: public; Owner: admin
--

SELECT pg_catalog.setval('public.account_emailaddress_id_seq', 1, true);


--
-- Name: account_emailconfirmation_id_seq; Type: SEQUENCE SET; Schema: public; Owner: admin
--

SELECT pg_catalog.setval('public.account_emailconfirmation_id_seq', 1, false);


--
-- Name: auth_group_id_seq; Type: SEQUENCE SET; Schema: public; Owner: admin
--

SELECT pg_catalog.setval('public.auth_group_id_seq', 1, false);


--
-- Name: auth_group_permissions_id_seq; Type: SEQUENCE SET; Schema: public; Owner: admin
--

SELECT pg_catalog.setval('public.auth_group_permissions_id_seq', 1, false);


--
-- Name: auth_permission_id_seq; Type: SEQUENCE SET; Schema: public; Owner: admin
--

SELECT pg_catalog.setval('public.auth_permission_id_seq', 70, true);


--
-- Name: django_admin_log_id_seq; Type: SEQUENCE SET; Schema: public; Owner: admin
--

SELECT pg_catalog.setval('public.django_admin_log_id_seq', 2, true);


--
-- Name: django_content_type_id_seq; Type: SEQUENCE SET; Schema: public; Owner: admin
--

SELECT pg_catalog.setval('public.django_content_type_id_seq', 34, true);


--
-- Name: django_migrations_id_seq; Type: SEQUENCE SET; Schema: public; Owner: admin
--

SELECT pg_catalog.setval('public.django_migrations_id_seq', 69, true);


--
-- Name: django_site_id_seq; Type: SEQUENCE SET; Schema: public; Owner: admin
--

SELECT pg_catalog.setval('public.django_site_id_seq', 4, true);


--
-- Name: socialaccount_socialaccount_id_seq; Type: SEQUENCE SET; Schema: public; Owner: admin
--

SELECT pg_catalog.setval('public.socialaccount_socialaccount_id_seq', 1, true);


--
-- Name: socialaccount_socialapp_id_seq; Type: SEQUENCE SET; Schema: public; Owner: admin
--

SELECT pg_catalog.setval('public.socialaccount_socialapp_id_seq', 1, true);


--
-- Name: socialaccount_socialapp_sites_id_seq; Type: SEQUENCE SET; Schema: public; Owner: admin
--

SELECT pg_catalog.setval('public.socialaccount_socialapp_sites_id_seq', 1, true);


--
-- Name: socialaccount_socialtoken_id_seq; Type: SEQUENCE SET; Schema: public; Owner: admin
--

SELECT pg_catalog.setval('public.socialaccount_socialtoken_id_seq', 1, false);


--
-- Name: transcendence_customuser_groups_id_seq; Type: SEQUENCE SET; Schema: public; Owner: admin
--

SELECT pg_catalog.setval('public.transcendence_customuser_groups_id_seq', 1, false);


--
-- Name: transcendence_customuser_id_seq; Type: SEQUENCE SET; Schema: public; Owner: admin
--

SELECT pg_catalog.setval('public.transcendence_customuser_id_seq', 3, true);


--
-- Name: transcendence_customuser_user_permissions_id_seq; Type: SEQUENCE SET; Schema: public; Owner: admin
--

SELECT pg_catalog.setval('public.transcendence_customuser_user_permissions_id_seq', 1, false);


--
-- Name: transcendence_gametype_id_seq; Type: SEQUENCE SET; Schema: public; Owner: admin
--

SELECT pg_catalog.setval('public.transcendence_gametype_id_seq', 1, false);


--
-- Name: transcendence_relationship_id_seq; Type: SEQUENCE SET; Schema: public; Owner: admin
--

SELECT pg_catalog.setval('public.transcendence_relationship_id_seq', 35, true);


--
-- Name: account_emailaddress account_emailaddress_pkey; Type: CONSTRAINT; Schema: public; Owner: admin
--

ALTER TABLE ONLY public.account_emailaddress
    ADD CONSTRAINT account_emailaddress_pkey PRIMARY KEY (id);


--
-- Name: account_emailaddress account_emailaddress_user_id_email_987c8728_uniq; Type: CONSTRAINT; Schema: public; Owner: admin
--

ALTER TABLE ONLY public.account_emailaddress
    ADD CONSTRAINT account_emailaddress_user_id_email_987c8728_uniq UNIQUE (user_id, email);


--
-- Name: account_emailconfirmation account_emailconfirmation_key_key; Type: CONSTRAINT; Schema: public; Owner: admin
--

ALTER TABLE ONLY public.account_emailconfirmation
    ADD CONSTRAINT account_emailconfirmation_key_key UNIQUE (key);


--
-- Name: account_emailconfirmation account_emailconfirmation_pkey; Type: CONSTRAINT; Schema: public; Owner: admin
--

ALTER TABLE ONLY public.account_emailconfirmation
    ADD CONSTRAINT account_emailconfirmation_pkey PRIMARY KEY (id);


--
-- Name: auth_group auth_group_name_key; Type: CONSTRAINT; Schema: public; Owner: admin
--

ALTER TABLE ONLY public.auth_group
    ADD CONSTRAINT auth_group_name_key UNIQUE (name);


--
-- Name: auth_group_permissions auth_group_permissions_group_id_permission_id_0cd325b0_uniq; Type: CONSTRAINT; Schema: public; Owner: admin
--

ALTER TABLE ONLY public.auth_group_permissions
    ADD CONSTRAINT auth_group_permissions_group_id_permission_id_0cd325b0_uniq UNIQUE (group_id, permission_id);


--
-- Name: auth_group_permissions auth_group_permissions_pkey; Type: CONSTRAINT; Schema: public; Owner: admin
--

ALTER TABLE ONLY public.auth_group_permissions
    ADD CONSTRAINT auth_group_permissions_pkey PRIMARY KEY (id);


--
-- Name: auth_group auth_group_pkey; Type: CONSTRAINT; Schema: public; Owner: admin
--

ALTER TABLE ONLY public.auth_group
    ADD CONSTRAINT auth_group_pkey PRIMARY KEY (id);


--
-- Name: auth_permission auth_permission_content_type_id_codename_01ab375a_uniq; Type: CONSTRAINT; Schema: public; Owner: admin
--

ALTER TABLE ONLY public.auth_permission
    ADD CONSTRAINT auth_permission_content_type_id_codename_01ab375a_uniq UNIQUE (content_type_id, codename);


--
-- Name: auth_permission auth_permission_pkey; Type: CONSTRAINT; Schema: public; Owner: admin
--

ALTER TABLE ONLY public.auth_permission
    ADD CONSTRAINT auth_permission_pkey PRIMARY KEY (id);


--
-- Name: django_admin_log django_admin_log_pkey; Type: CONSTRAINT; Schema: public; Owner: admin
--

ALTER TABLE ONLY public.django_admin_log
    ADD CONSTRAINT django_admin_log_pkey PRIMARY KEY (id);


--
-- Name: django_content_type django_content_type_app_label_model_76bd3d3b_uniq; Type: CONSTRAINT; Schema: public; Owner: admin
--

ALTER TABLE ONLY public.django_content_type
    ADD CONSTRAINT django_content_type_app_label_model_76bd3d3b_uniq UNIQUE (app_label, model);


--
-- Name: django_content_type django_content_type_pkey; Type: CONSTRAINT; Schema: public; Owner: admin
--

ALTER TABLE ONLY public.django_content_type
    ADD CONSTRAINT django_content_type_pkey PRIMARY KEY (id);


--
-- Name: django_migrations django_migrations_pkey; Type: CONSTRAINT; Schema: public; Owner: admin
--

ALTER TABLE ONLY public.django_migrations
    ADD CONSTRAINT django_migrations_pkey PRIMARY KEY (id);


--
-- Name: django_session django_session_pkey; Type: CONSTRAINT; Schema: public; Owner: admin
--

ALTER TABLE ONLY public.django_session
    ADD CONSTRAINT django_session_pkey PRIMARY KEY (session_key);


--
-- Name: django_site django_site_domain_a2e37b91_uniq; Type: CONSTRAINT; Schema: public; Owner: admin
--

ALTER TABLE ONLY public.django_site
    ADD CONSTRAINT django_site_domain_a2e37b91_uniq UNIQUE (domain);


--
-- Name: django_site django_site_pkey; Type: CONSTRAINT; Schema: public; Owner: admin
--

ALTER TABLE ONLY public.django_site
    ADD CONSTRAINT django_site_pkey PRIMARY KEY (id);


--
-- Name: socialaccount_socialaccount socialaccount_socialaccount_pkey; Type: CONSTRAINT; Schema: public; Owner: admin
--

ALTER TABLE ONLY public.socialaccount_socialaccount
    ADD CONSTRAINT socialaccount_socialaccount_pkey PRIMARY KEY (id);


--
-- Name: socialaccount_socialaccount socialaccount_socialaccount_provider_uid_fc810c6e_uniq; Type: CONSTRAINT; Schema: public; Owner: admin
--

ALTER TABLE ONLY public.socialaccount_socialaccount
    ADD CONSTRAINT socialaccount_socialaccount_provider_uid_fc810c6e_uniq UNIQUE (provider, uid);


--
-- Name: socialaccount_socialapp_sites socialaccount_socialapp__socialapp_id_site_id_71a9a768_uniq; Type: CONSTRAINT; Schema: public; Owner: admin
--

ALTER TABLE ONLY public.socialaccount_socialapp_sites
    ADD CONSTRAINT socialaccount_socialapp__socialapp_id_site_id_71a9a768_uniq UNIQUE (socialapp_id, site_id);


--
-- Name: socialaccount_socialapp socialaccount_socialapp_pkey; Type: CONSTRAINT; Schema: public; Owner: admin
--

ALTER TABLE ONLY public.socialaccount_socialapp
    ADD CONSTRAINT socialaccount_socialapp_pkey PRIMARY KEY (id);


--
-- Name: socialaccount_socialapp_sites socialaccount_socialapp_sites_pkey; Type: CONSTRAINT; Schema: public; Owner: admin
--

ALTER TABLE ONLY public.socialaccount_socialapp_sites
    ADD CONSTRAINT socialaccount_socialapp_sites_pkey PRIMARY KEY (id);


--
-- Name: socialaccount_socialtoken socialaccount_socialtoken_app_id_account_id_fca4e0ac_uniq; Type: CONSTRAINT; Schema: public; Owner: admin
--

ALTER TABLE ONLY public.socialaccount_socialtoken
    ADD CONSTRAINT socialaccount_socialtoken_app_id_account_id_fca4e0ac_uniq UNIQUE (app_id, account_id);


--
-- Name: socialaccount_socialtoken socialaccount_socialtoken_pkey; Type: CONSTRAINT; Schema: public; Owner: admin
--

ALTER TABLE ONLY public.socialaccount_socialtoken
    ADD CONSTRAINT socialaccount_socialtoken_pkey PRIMARY KEY (id);


--
-- Name: transcendence_customuser_groups transcendence_customuser_customuser_id_group_id_f928fe67_uniq; Type: CONSTRAINT; Schema: public; Owner: admin
--

ALTER TABLE ONLY public.transcendence_customuser_groups
    ADD CONSTRAINT transcendence_customuser_customuser_id_group_id_f928fe67_uniq UNIQUE (customuser_id, group_id);


--
-- Name: transcendence_customuser_user_permissions transcendence_customuser_customuser_id_permission_e881629c_uniq; Type: CONSTRAINT; Schema: public; Owner: admin
--

ALTER TABLE ONLY public.transcendence_customuser_user_permissions
    ADD CONSTRAINT transcendence_customuser_customuser_id_permission_e881629c_uniq UNIQUE (customuser_id, permission_id);


--
-- Name: transcendence_customuser_groups transcendence_customuser_groups_pkey; Type: CONSTRAINT; Schema: public; Owner: admin
--

ALTER TABLE ONLY public.transcendence_customuser_groups
    ADD CONSTRAINT transcendence_customuser_groups_pkey PRIMARY KEY (id);


--
-- Name: transcendence_customuser transcendence_customuser_pkey; Type: CONSTRAINT; Schema: public; Owner: admin
--

ALTER TABLE ONLY public.transcendence_customuser
    ADD CONSTRAINT transcendence_customuser_pkey PRIMARY KEY (id);


--
-- Name: transcendence_customuser_user_permissions transcendence_customuser_user_permissions_pkey; Type: CONSTRAINT; Schema: public; Owner: admin
--

ALTER TABLE ONLY public.transcendence_customuser_user_permissions
    ADD CONSTRAINT transcendence_customuser_user_permissions_pkey PRIMARY KEY (id);


--
-- Name: transcendence_customuser transcendence_customuser_username_key; Type: CONSTRAINT; Schema: public; Owner: admin
--

ALTER TABLE ONLY public.transcendence_customuser
    ADD CONSTRAINT transcendence_customuser_username_key UNIQUE (username);


--
-- Name: transcendence_gametype transcendence_gametype_pkey; Type: CONSTRAINT; Schema: public; Owner: admin
--

ALTER TABLE ONLY public.transcendence_gametype
    ADD CONSTRAINT transcendence_gametype_pkey PRIMARY KEY (id);


--
-- Name: transcendence_relationship transcendence_relationsh_from_user_id_to_user_id_d2920ccb_uniq; Type: CONSTRAINT; Schema: public; Owner: admin
--

ALTER TABLE ONLY public.transcendence_relationship
    ADD CONSTRAINT transcendence_relationsh_from_user_id_to_user_id_d2920ccb_uniq UNIQUE (from_user_id, to_user_id);


--
-- Name: transcendence_relationship transcendence_relationship_pkey; Type: CONSTRAINT; Schema: public; Owner: admin
--

ALTER TABLE ONLY public.transcendence_relationship
    ADD CONSTRAINT transcendence_relationship_pkey PRIMARY KEY (id);


--
-- Name: account_emailaddress_email_03be32b2; Type: INDEX; Schema: public; Owner: admin
--

CREATE INDEX account_emailaddress_email_03be32b2 ON public.account_emailaddress USING btree (email);


--
-- Name: account_emailaddress_email_03be32b2_like; Type: INDEX; Schema: public; Owner: admin
--

CREATE INDEX account_emailaddress_email_03be32b2_like ON public.account_emailaddress USING btree (email varchar_pattern_ops);


--
-- Name: account_emailaddress_user_id_2c513194; Type: INDEX; Schema: public; Owner: admin
--

CREATE INDEX account_emailaddress_user_id_2c513194 ON public.account_emailaddress USING btree (user_id);


--
-- Name: account_emailconfirmation_email_address_id_5b7f8c58; Type: INDEX; Schema: public; Owner: admin
--

CREATE INDEX account_emailconfirmation_email_address_id_5b7f8c58 ON public.account_emailconfirmation USING btree (email_address_id);


--
-- Name: account_emailconfirmation_key_f43612bd_like; Type: INDEX; Schema: public; Owner: admin
--

CREATE INDEX account_emailconfirmation_key_f43612bd_like ON public.account_emailconfirmation USING btree (key varchar_pattern_ops);


--
-- Name: auth_group_name_a6ea08ec_like; Type: INDEX; Schema: public; Owner: admin
--

CREATE INDEX auth_group_name_a6ea08ec_like ON public.auth_group USING btree (name varchar_pattern_ops);


--
-- Name: auth_group_permissions_group_id_b120cbf9; Type: INDEX; Schema: public; Owner: admin
--

CREATE INDEX auth_group_permissions_group_id_b120cbf9 ON public.auth_group_permissions USING btree (group_id);


--
-- Name: auth_group_permissions_permission_id_84c5c92e; Type: INDEX; Schema: public; Owner: admin
--

CREATE INDEX auth_group_permissions_permission_id_84c5c92e ON public.auth_group_permissions USING btree (permission_id);


--
-- Name: auth_permission_content_type_id_2f476e4b; Type: INDEX; Schema: public; Owner: admin
--

CREATE INDEX auth_permission_content_type_id_2f476e4b ON public.auth_permission USING btree (content_type_id);


--
-- Name: django_admin_log_content_type_id_c4bce8eb; Type: INDEX; Schema: public; Owner: admin
--

CREATE INDEX django_admin_log_content_type_id_c4bce8eb ON public.django_admin_log USING btree (content_type_id);


--
-- Name: django_admin_log_user_id_c564eba6; Type: INDEX; Schema: public; Owner: admin
--

CREATE INDEX django_admin_log_user_id_c564eba6 ON public.django_admin_log USING btree (user_id);


--
-- Name: django_session_expire_date_a5c62663; Type: INDEX; Schema: public; Owner: admin
--

CREATE INDEX django_session_expire_date_a5c62663 ON public.django_session USING btree (expire_date);


--
-- Name: django_session_session_key_c0390e0f_like; Type: INDEX; Schema: public; Owner: admin
--

CREATE INDEX django_session_session_key_c0390e0f_like ON public.django_session USING btree (session_key varchar_pattern_ops);


--
-- Name: django_site_domain_a2e37b91_like; Type: INDEX; Schema: public; Owner: admin
--

CREATE INDEX django_site_domain_a2e37b91_like ON public.django_site USING btree (domain varchar_pattern_ops);


--
-- Name: socialaccount_socialaccount_user_id_8146e70c; Type: INDEX; Schema: public; Owner: admin
--

CREATE INDEX socialaccount_socialaccount_user_id_8146e70c ON public.socialaccount_socialaccount USING btree (user_id);


--
-- Name: socialaccount_socialapp_sites_site_id_2579dee5; Type: INDEX; Schema: public; Owner: admin
--

CREATE INDEX socialaccount_socialapp_sites_site_id_2579dee5 ON public.socialaccount_socialapp_sites USING btree (site_id);


--
-- Name: socialaccount_socialapp_sites_socialapp_id_97fb6e7d; Type: INDEX; Schema: public; Owner: admin
--

CREATE INDEX socialaccount_socialapp_sites_socialapp_id_97fb6e7d ON public.socialaccount_socialapp_sites USING btree (socialapp_id);


--
-- Name: socialaccount_socialtoken_account_id_951f210e; Type: INDEX; Schema: public; Owner: admin
--

CREATE INDEX socialaccount_socialtoken_account_id_951f210e ON public.socialaccount_socialtoken USING btree (account_id);


--
-- Name: socialaccount_socialtoken_app_id_636a42d7; Type: INDEX; Schema: public; Owner: admin
--

CREATE INDEX socialaccount_socialtoken_app_id_636a42d7 ON public.socialaccount_socialtoken USING btree (app_id);


--
-- Name: transcendence_customuser_groups_customuser_id_48b2c985; Type: INDEX; Schema: public; Owner: admin
--

CREATE INDEX transcendence_customuser_groups_customuser_id_48b2c985 ON public.transcendence_customuser_groups USING btree (customuser_id);


--
-- Name: transcendence_customuser_groups_group_id_2ad11747; Type: INDEX; Schema: public; Owner: admin
--

CREATE INDEX transcendence_customuser_groups_group_id_2ad11747 ON public.transcendence_customuser_groups USING btree (group_id);


--
-- Name: transcendence_customuser_u_customuser_id_01e2a9d0; Type: INDEX; Schema: public; Owner: admin
--

CREATE INDEX transcendence_customuser_u_customuser_id_01e2a9d0 ON public.transcendence_customuser_user_permissions USING btree (customuser_id);


--
-- Name: transcendence_customuser_u_permission_id_af757f00; Type: INDEX; Schema: public; Owner: admin
--

CREATE INDEX transcendence_customuser_u_permission_id_af757f00 ON public.transcendence_customuser_user_permissions USING btree (permission_id);


--
-- Name: transcendence_customuser_username_fa6eb603_like; Type: INDEX; Schema: public; Owner: admin
--

CREATE INDEX transcendence_customuser_username_fa6eb603_like ON public.transcendence_customuser USING btree (username varchar_pattern_ops);


--
-- Name: transcendence_relationship_from_user_id_79b01def; Type: INDEX; Schema: public; Owner: admin
--

CREATE INDEX transcendence_relationship_from_user_id_79b01def ON public.transcendence_relationship USING btree (from_user_id);


--
-- Name: transcendence_relationship_to_user_id_72c6554b; Type: INDEX; Schema: public; Owner: admin
--

CREATE INDEX transcendence_relationship_to_user_id_72c6554b ON public.transcendence_relationship USING btree (to_user_id);


--
-- Name: unique_primary_email; Type: INDEX; Schema: public; Owner: admin
--

CREATE UNIQUE INDEX unique_primary_email ON public.account_emailaddress USING btree (user_id, "primary") WHERE "primary";


--
-- Name: unique_verified_email; Type: INDEX; Schema: public; Owner: admin
--

CREATE UNIQUE INDEX unique_verified_email ON public.account_emailaddress USING btree (email) WHERE verified;


--
-- Name: account_emailaddress account_emailaddress_user_id_2c513194_fk_transcend; Type: FK CONSTRAINT; Schema: public; Owner: admin
--

ALTER TABLE ONLY public.account_emailaddress
    ADD CONSTRAINT account_emailaddress_user_id_2c513194_fk_transcend FOREIGN KEY (user_id) REFERENCES public.transcendence_customuser(id) DEFERRABLE INITIALLY DEFERRED;


--
-- Name: account_emailconfirmation account_emailconfirm_email_address_id_5b7f8c58_fk_account_e; Type: FK CONSTRAINT; Schema: public; Owner: admin
--

ALTER TABLE ONLY public.account_emailconfirmation
    ADD CONSTRAINT account_emailconfirm_email_address_id_5b7f8c58_fk_account_e FOREIGN KEY (email_address_id) REFERENCES public.account_emailaddress(id) DEFERRABLE INITIALLY DEFERRED;


--
-- Name: auth_group_permissions auth_group_permissio_permission_id_84c5c92e_fk_auth_perm; Type: FK CONSTRAINT; Schema: public; Owner: admin
--

ALTER TABLE ONLY public.auth_group_permissions
    ADD CONSTRAINT auth_group_permissio_permission_id_84c5c92e_fk_auth_perm FOREIGN KEY (permission_id) REFERENCES public.auth_permission(id) DEFERRABLE INITIALLY DEFERRED;


--
-- Name: auth_group_permissions auth_group_permissions_group_id_b120cbf9_fk_auth_group_id; Type: FK CONSTRAINT; Schema: public; Owner: admin
--

ALTER TABLE ONLY public.auth_group_permissions
    ADD CONSTRAINT auth_group_permissions_group_id_b120cbf9_fk_auth_group_id FOREIGN KEY (group_id) REFERENCES public.auth_group(id) DEFERRABLE INITIALLY DEFERRED;


--
-- Name: auth_permission auth_permission_content_type_id_2f476e4b_fk_django_co; Type: FK CONSTRAINT; Schema: public; Owner: admin
--

ALTER TABLE ONLY public.auth_permission
    ADD CONSTRAINT auth_permission_content_type_id_2f476e4b_fk_django_co FOREIGN KEY (content_type_id) REFERENCES public.django_content_type(id) DEFERRABLE INITIALLY DEFERRED;


--
-- Name: django_admin_log django_admin_log_content_type_id_c4bce8eb_fk_django_co; Type: FK CONSTRAINT; Schema: public; Owner: admin
--

ALTER TABLE ONLY public.django_admin_log
    ADD CONSTRAINT django_admin_log_content_type_id_c4bce8eb_fk_django_co FOREIGN KEY (content_type_id) REFERENCES public.django_content_type(id) DEFERRABLE INITIALLY DEFERRED;


--
-- Name: django_admin_log django_admin_log_user_id_c564eba6_fk_transcend; Type: FK CONSTRAINT; Schema: public; Owner: admin
--

ALTER TABLE ONLY public.django_admin_log
    ADD CONSTRAINT django_admin_log_user_id_c564eba6_fk_transcend FOREIGN KEY (user_id) REFERENCES public.transcendence_customuser(id) DEFERRABLE INITIALLY DEFERRED;


--
-- Name: socialaccount_socialtoken socialaccount_social_account_id_951f210e_fk_socialacc; Type: FK CONSTRAINT; Schema: public; Owner: admin
--

ALTER TABLE ONLY public.socialaccount_socialtoken
    ADD CONSTRAINT socialaccount_social_account_id_951f210e_fk_socialacc FOREIGN KEY (account_id) REFERENCES public.socialaccount_socialaccount(id) DEFERRABLE INITIALLY DEFERRED;


--
-- Name: socialaccount_socialtoken socialaccount_social_app_id_636a42d7_fk_socialacc; Type: FK CONSTRAINT; Schema: public; Owner: admin
--

ALTER TABLE ONLY public.socialaccount_socialtoken
    ADD CONSTRAINT socialaccount_social_app_id_636a42d7_fk_socialacc FOREIGN KEY (app_id) REFERENCES public.socialaccount_socialapp(id) DEFERRABLE INITIALLY DEFERRED;


--
-- Name: socialaccount_socialapp_sites socialaccount_social_site_id_2579dee5_fk_django_si; Type: FK CONSTRAINT; Schema: public; Owner: admin
--

ALTER TABLE ONLY public.socialaccount_socialapp_sites
    ADD CONSTRAINT socialaccount_social_site_id_2579dee5_fk_django_si FOREIGN KEY (site_id) REFERENCES public.django_site(id) DEFERRABLE INITIALLY DEFERRED;


--
-- Name: socialaccount_socialapp_sites socialaccount_social_socialapp_id_97fb6e7d_fk_socialacc; Type: FK CONSTRAINT; Schema: public; Owner: admin
--

ALTER TABLE ONLY public.socialaccount_socialapp_sites
    ADD CONSTRAINT socialaccount_social_socialapp_id_97fb6e7d_fk_socialacc FOREIGN KEY (socialapp_id) REFERENCES public.socialaccount_socialapp(id) DEFERRABLE INITIALLY DEFERRED;


--
-- Name: socialaccount_socialaccount socialaccount_social_user_id_8146e70c_fk_transcend; Type: FK CONSTRAINT; Schema: public; Owner: admin
--

ALTER TABLE ONLY public.socialaccount_socialaccount
    ADD CONSTRAINT socialaccount_social_user_id_8146e70c_fk_transcend FOREIGN KEY (user_id) REFERENCES public.transcendence_customuser(id) DEFERRABLE INITIALLY DEFERRED;


--
-- Name: transcendence_customuser_user_permissions transcendence_custom_customuser_id_01e2a9d0_fk_transcend; Type: FK CONSTRAINT; Schema: public; Owner: admin
--

ALTER TABLE ONLY public.transcendence_customuser_user_permissions
    ADD CONSTRAINT transcendence_custom_customuser_id_01e2a9d0_fk_transcend FOREIGN KEY (customuser_id) REFERENCES public.transcendence_customuser(id) DEFERRABLE INITIALLY DEFERRED;


--
-- Name: transcendence_customuser_groups transcendence_custom_customuser_id_48b2c985_fk_transcend; Type: FK CONSTRAINT; Schema: public; Owner: admin
--

ALTER TABLE ONLY public.transcendence_customuser_groups
    ADD CONSTRAINT transcendence_custom_customuser_id_48b2c985_fk_transcend FOREIGN KEY (customuser_id) REFERENCES public.transcendence_customuser(id) DEFERRABLE INITIALLY DEFERRED;


--
-- Name: transcendence_customuser_groups transcendence_custom_group_id_2ad11747_fk_auth_grou; Type: FK CONSTRAINT; Schema: public; Owner: admin
--

ALTER TABLE ONLY public.transcendence_customuser_groups
    ADD CONSTRAINT transcendence_custom_group_id_2ad11747_fk_auth_grou FOREIGN KEY (group_id) REFERENCES public.auth_group(id) DEFERRABLE INITIALLY DEFERRED;


--
-- Name: transcendence_customuser_user_permissions transcendence_custom_permission_id_af757f00_fk_auth_perm; Type: FK CONSTRAINT; Schema: public; Owner: admin
--

ALTER TABLE ONLY public.transcendence_customuser_user_permissions
    ADD CONSTRAINT transcendence_custom_permission_id_af757f00_fk_auth_perm FOREIGN KEY (permission_id) REFERENCES public.auth_permission(id) DEFERRABLE INITIALLY DEFERRED;


--
-- Name: transcendence_relationship transcendence_relati_from_user_id_79b01def_fk_transcend; Type: FK CONSTRAINT; Schema: public; Owner: admin
--

ALTER TABLE ONLY public.transcendence_relationship
    ADD CONSTRAINT transcendence_relati_from_user_id_79b01def_fk_transcend FOREIGN KEY (from_user_id) REFERENCES public.transcendence_customuser(id) DEFERRABLE INITIALLY DEFERRED;


--
-- Name: transcendence_relationship transcendence_relati_to_user_id_72c6554b_fk_transcend; Type: FK CONSTRAINT; Schema: public; Owner: admin
--

ALTER TABLE ONLY public.transcendence_relationship
    ADD CONSTRAINT transcendence_relati_to_user_id_72c6554b_fk_transcend FOREIGN KEY (to_user_id) REFERENCES public.transcendence_customuser(id) DEFERRABLE INITIALLY DEFERRED;


--
-- PostgreSQL database dump complete
--

